method,json,correct,incorrect,missed,nonExist,notFound,# correct,# incorrect,# missed,# nonExist,# notFound
<FiveMiles.RepresentativeTests: void testSignIn()>,"[{""input"": null, ""id_or_xpath"": ""xpath@/hierarchy/android.widget.FrameLayout/android.widget.LinearLayout/android.widget.FrameLayout/android.widget.LinearLayout/android.widget.FrameLayout/android.widget.LinearLayout/android.widget.LinearLayout/android.widget.LinearLayout[2]/android.widget.Button[2]"", ""action"": ""click"", ""case"": ""correct""}, {""input"": ""***REMOVED***"", ""id_or_xpath"": ""xpath@/hierarchy/android.widget.FrameLayout/android.widget.LinearLayout/android.widget.FrameLayout/android.widget.LinearLayout/android.widget.FrameLayout/android.widget.ScrollView/android.widget.LinearLayout/TextInputLayout[1]/android.widget.FrameLayout/android.widget.EditText"", ""action"": ""sendKeys"", ""case"": ""correct""}, {""input"": ""researchiscool"", ""id_or_xpath"": ""xpath@/hierarchy/android.widget.FrameLayout/android.widget.LinearLayout/android.widget.FrameLayout/android.widget.LinearLayout/android.widget.FrameLayout/android.widget.ScrollView/android.widget.LinearLayout/TextInputLayout[2]/android.widget.FrameLayout/android.widget.EditText"", ""action"": ""sendKeys"", ""case"": ""correct""}, {""input"": null, ""id_or_xpath"": ""id@com.thirdrock.fivemiles:id/login_login"", ""action"": ""click"", ""case"": ""correct""}]","['xpath@/hierarchy/android.widget.FrameLayout/android.widget.LinearLayout/android.widget.FrameLayout/android.widget.LinearLayout/android.widget.FrameLayout/android.widget.LinearLayout/android.widget.LinearLayout/android.widget.LinearLayout[2]/android.widget.Button[2]', 'xpath@/hierarchy/android.widget.FrameLayout/android.widget.LinearLayout/android.widget.FrameLayout/android.widget.LinearLayout/android.widget.FrameLayout/android.widget.ScrollView/android.widget.LinearLayout/TextInputLayout[1]/android.widget.FrameLayout/android.widget.EditText', 'xpath@/hierarchy/android.widget.FrameLayout/android.widget.LinearLayout/android.widget.FrameLayout/android.widget.LinearLayout/android.widget.FrameLayout/android.widget.ScrollView/android.widget.LinearLayout/TextInputLayout[2]/android.widget.FrameLayout/android.widget.EditText', 'id@com.thirdrock.fivemiles:id/login_login']",[],[],[],[],4,0,0,0,0
<FiveMiles.RepresentativeTests: void testSignUp()>,"[{""input"": null, ""id_or_xpath"": ""id@com.thirdrock.fivemiles:id/sign_up"", ""action"": ""click"", ""case"": ""correct""}, {""input"": ""***REMOVED***"", ""id_or_xpath"": ""xpath@/hierarchy/android.widget.FrameLayout/android.widget.LinearLayout/android.widget.FrameLayout/android.widget.LinearLayout/android.widget.FrameLayout/android.widget.ScrollView/android.widget.LinearLayout/TextInputLayout[3]/android.widget.FrameLayout/android.widget.EditText"", ""action"": ""sendKeys"", ""case"": ""correct""}, {""input"": ""aaa"", ""id_or_xpath"": ""id@com.thirdrock.fivemiles:id/login_first_name"", ""action"": ""sendKeys"", ""case"": ""correct""}, {""input"": ""bbb"", ""id_or_xpath"": ""xpath@/hierarchy/android.widget.FrameLayout/android.widget.LinearLayout/android.widget.FrameLayout/android.widget.LinearLayout/android.widget.FrameLayout/android.widget.ScrollView/android.widget.LinearLayout/TextInputLayout[4]/android.widget.FrameLayout/android.widget.EditText"", ""action"": ""sendKeys"", ""case"": ""correct""}, {""input"": null, ""id_or_xpath"": ""id@com.thirdrock.fivemiles:id/register_register"", ""action"": ""click"", ""case"": ""correct""}]","['id@com.thirdrock.fivemiles:id/sign_up', 'xpath@/hierarchy/android.widget.FrameLayout/android.widget.LinearLayout/android.widget.FrameLayout/android.widget.LinearLayout/android.widget.FrameLayout/android.widget.ScrollView/android.widget.LinearLayout/TextInputLayout[3]/android.widget.FrameLayout/android.widget.EditText', 'id@com.thirdrock.fivemiles:id/login_first_name', 'xpath@/hierarchy/android.widget.FrameLayout/android.widget.LinearLayout/android.widget.FrameLayout/android.widget.LinearLayout/android.widget.FrameLayout/android.widget.ScrollView/android.widget.LinearLayout/TextInputLayout[4]/android.widget.FrameLayout/android.widget.EditText', 'id@com.thirdrock.fivemiles:id/register_register']",[],[],[],[],5,0,0,0,0
<FiveMiles.RepresentativeTests: void testAbout()>,"[{""input"": null, ""id_or_xpath"": ""xpath@/hierarchy/android.widget.FrameLayout/android.widget.LinearLayout/android.widget.FrameLayout/android.widget.LinearLayout/android.widget.FrameLayout/android.widget.LinearLayout/android.widget.LinearLayout/android.widget.LinearLayout[2]/android.widget.Button[2]"", ""action"": ""click"", ""case"": ""correct""}, {""input"": ""***REMOVED***"", ""id_or_xpath"": ""xpath@/hierarchy/android.widget.FrameLayout/android.widget.LinearLayout/android.widget.FrameLayout/android.widget.LinearLayout/android.widget.FrameLayout/android.widget.ScrollView/android.widget.LinearLayout/TextInputLayout[1]/android.widget.FrameLayout/android.widget.EditText"", ""action"": ""sendKeys"", ""case"": ""correct""}, {""input"": ""researchiscool"", ""id_or_xpath"": ""xpath@/hierarchy/android.widget.FrameLayout/android.widget.LinearLayout/android.widget.FrameLayout/android.widget.LinearLayout/android.widget.FrameLayout/android.widget.ScrollView/android.widget.LinearLayout/TextInputLayout[2]/android.widget.FrameLayout/android.widget.EditText"", ""action"": ""sendKeys"", ""case"": ""correct""}, {""input"": null, ""id_or_xpath"": ""id@com.thirdrock.fivemiles:id/login_login"", ""action"": ""click"", ""case"": ""correct""}, {""input"": null, ""id_or_xpath"": ""id@com.thirdrock.fivemiles:id/btn_skip"", ""action"": ""click"", ""case"": ""notFound""}, {""input"": null, ""id_or_xpath"": ""xpath@//android.widget.ImageButton[@content-desc=\""Navigate up\""]"", ""action"": ""click"", ""case"": ""incorrect""}, {""input"": null, ""id_or_xpath"": ""id@com.thirdrock.fivemiles:id/main_tab_profile"", ""action"": ""click"", ""case"": ""correct""}, {""input"": null, ""id_or_xpath"": ""id@com.thirdrock.fivemiles:id/profile_setting"", ""action"": ""click"", ""case"": ""notFound""}, {""input"": null, ""id_or_xpath"": ""id@com.thirdrock.fivemiles:id/setting_aboutus"", ""action"": ""click"", ""case"": ""notFound""}]","['xpath@/hierarchy/android.widget.FrameLayout/android.widget.LinearLayout/android.widget.FrameLayout/android.widget.LinearLayout/android.widget.FrameLayout/android.widget.LinearLayout/android.widget.LinearLayout/android.widget.LinearLayout[2]/android.widget.Button[2]', 'xpath@/hierarchy/android.widget.FrameLayout/android.widget.LinearLayout/android.widget.FrameLayout/android.widget.LinearLayout/android.widget.FrameLayout/android.widget.ScrollView/android.widget.LinearLayout/TextInputLayout[1]/android.widget.FrameLayout/android.widget.EditText', 'xpath@/hierarchy/android.widget.FrameLayout/android.widget.LinearLayout/android.widget.FrameLayout/android.widget.LinearLayout/android.widget.FrameLayout/android.widget.ScrollView/android.widget.LinearLayout/TextInputLayout[2]/android.widget.FrameLayout/android.widget.EditText', 'id@com.thirdrock.fivemiles:id/login_login', 'id@com.thirdrock.fivemiles:id/main_tab_profile']","['xpath@//android.widget.ImageButton[@content-desc=""Navigate up""]']",[],[],"['id@com.thirdrock.fivemiles:id/btn_skip', 'id@com.thirdrock.fivemiles:id/profile_setting', 'id@com.thirdrock.fivemiles:id/setting_aboutus']",5,1,0,0,3
<FiveMiles.RepresentativeTests: void testAccount()>,"[{""input"": null, ""id_or_xpath"": ""xpath@/hierarchy/android.widget.FrameLayout/android.widget.LinearLayout/android.widget.FrameLayout/android.widget.LinearLayout/android.widget.FrameLayout/android.widget.LinearLayout/android.widget.LinearLayout/android.widget.LinearLayout[2]/android.widget.Button[2]"", ""action"": ""click"", ""case"": ""correct""}, {""input"": ""***REMOVED***"", ""id_or_xpath"": ""xpath@/hierarchy/android.widget.FrameLayout/android.widget.LinearLayout/android.widget.FrameLayout/android.widget.LinearLayout/android.widget.FrameLayout/android.widget.ScrollView/android.widget.LinearLayout/TextInputLayout[1]/android.widget.FrameLayout/android.widget.EditText"", ""action"": ""sendKeys"", ""case"": ""correct""}, {""input"": ""researchiscool"", ""id_or_xpath"": ""xpath@/hierarchy/android.widget.FrameLayout/android.widget.LinearLayout/android.widget.FrameLayout/android.widget.LinearLayout/android.widget.FrameLayout/android.widget.ScrollView/android.widget.LinearLayout/TextInputLayout[2]/android.widget.FrameLayout/android.widget.EditText"", ""action"": ""sendKeys"", ""case"": ""correct""}, {""input"": null, ""id_or_xpath"": ""id@com.thirdrock.fivemiles:id/login_login"", ""action"": ""click"", ""case"": ""correct""}, {""input"": null, ""id_or_xpath"": ""id@com.thirdrock.fivemiles:id/btn_skip"", ""action"": ""click"", ""case"": ""notFound""}, {""input"": null, ""id_or_xpath"": ""xpath@//android.widget.ImageButton[@content-desc=\""Navigate up\""]"", ""action"": ""click"", ""case"": ""incorrect""}, {""input"": null, ""id_or_xpath"": ""id@com.thirdrock.fivemiles:id/main_tab_profile"", ""action"": ""click"", ""case"": ""correct""}]","['xpath@/hierarchy/android.widget.FrameLayout/android.widget.LinearLayout/android.widget.FrameLayout/android.widget.LinearLayout/android.widget.FrameLayout/android.widget.LinearLayout/android.widget.LinearLayout/android.widget.LinearLayout[2]/android.widget.Button[2]', 'xpath@/hierarchy/android.widget.FrameLayout/android.widget.LinearLayout/android.widget.FrameLayout/android.widget.LinearLayout/android.widget.FrameLayout/android.widget.ScrollView/android.widget.LinearLayout/TextInputLayout[1]/android.widget.FrameLayout/android.widget.EditText', 'xpath@/hierarchy/android.widget.FrameLayout/android.widget.LinearLayout/android.widget.FrameLayout/android.widget.LinearLayout/android.widget.FrameLayout/android.widget.ScrollView/android.widget.LinearLayout/TextInputLayout[2]/android.widget.FrameLayout/android.widget.EditText', 'id@com.thirdrock.fivemiles:id/login_login', 'id@com.thirdrock.fivemiles:id/main_tab_profile']","['xpath@//android.widget.ImageButton[@content-desc=""Navigate up""]']",[],[],['id@com.thirdrock.fivemiles:id/btn_skip'],5,1,0,0,1
<FiveMiles.RepresentativeTests: void testCategory()>,"[{""input"": null, ""id_or_xpath"": ""xpath@/hierarchy/android.widget.FrameLayout/android.widget.LinearLayout/android.widget.FrameLayout/android.widget.LinearLayout/android.widget.FrameLayout/android.widget.LinearLayout/android.widget.LinearLayout/android.widget.LinearLayout[2]/android.widget.Button[2]"", ""action"": ""click"", ""case"": ""correct""}, {""input"": ""***REMOVED***"", ""id_or_xpath"": ""xpath@/hierarchy/android.widget.FrameLayout/android.widget.LinearLayout/android.widget.FrameLayout/android.widget.LinearLayout/android.widget.FrameLayout/android.widget.ScrollView/android.widget.LinearLayout/TextInputLayout[1]/android.widget.FrameLayout/android.widget.EditText"", ""action"": ""sendKeys"", ""case"": ""correct""}, {""input"": ""researchiscool"", ""id_or_xpath"": ""xpath@/hierarchy/android.widget.FrameLayout/android.widget.LinearLayout/android.widget.FrameLayout/android.widget.LinearLayout/android.widget.FrameLayout/android.widget.ScrollView/android.widget.LinearLayout/TextInputLayout[2]/android.widget.FrameLayout/android.widget.EditText"", ""action"": ""sendKeys"", ""case"": ""correct""}, {""input"": null, ""id_or_xpath"": ""id@com.thirdrock.fivemiles:id/login_login"", ""action"": ""click"", ""case"": ""correct""}, {""input"": null, ""id_or_xpath"": ""id@com.thirdrock.fivemiles:id/btn_skip"", ""action"": ""click"", ""case"": ""notFound""}, {""input"": null, ""id_or_xpath"": ""xpath@//android.widget.ImageButton[@content-desc=\""Navigate up\""]"", ""action"": ""click"", ""case"": ""incorrect""}, {""input"": null, ""id_or_xpath"": ""id@com.thirdrock.fivemiles:id/main_tab_search"", ""action"": ""click"", ""case"": ""notFound""}, {""input"": null, ""id_or_xpath"": ""xpath@/hierarchy/android.widget.FrameLayout/android.widget.LinearLayout/android.widget.FrameLayout/android.widget.TabHost/android.widget.FrameLayout/android.widget.FrameLayout[1]/android.widget.FrameLayout/android.widget.LinearLayout/android.widget.FrameLayout/android.widget.LinearLayout/android.widget.FrameLayout/android.widget.LinearLayout/android.widget.LinearLayout[2]/android.widget.ListView/android.widget.LinearLayout[1]/android.widget.TextView"", ""action"": ""click"", ""case"": ""correct""}]","['xpath@/hierarchy/android.widget.FrameLayout/android.widget.LinearLayout/android.widget.FrameLayout/android.widget.LinearLayout/android.widget.FrameLayout/android.widget.LinearLayout/android.widget.LinearLayout/android.widget.LinearLayout[2]/android.widget.Button[2]', 'xpath@/hierarchy/android.widget.FrameLayout/android.widget.LinearLayout/android.widget.FrameLayout/android.widget.LinearLayout/android.widget.FrameLayout/android.widget.ScrollView/android.widget.LinearLayout/TextInputLayout[1]/android.widget.FrameLayout/android.widget.EditText', 'xpath@/hierarchy/android.widget.FrameLayout/android.widget.LinearLayout/android.widget.FrameLayout/android.widget.LinearLayout/android.widget.FrameLayout/android.widget.ScrollView/android.widget.LinearLayout/TextInputLayout[2]/android.widget.FrameLayout/android.widget.EditText', 'id@com.thirdrock.fivemiles:id/login_login', 'xpath@/hierarchy/android.widget.FrameLayout/android.widget.LinearLayout/android.widget.FrameLayout/android.widget.TabHost/android.widget.FrameLayout/android.widget.FrameLayout[1]/android.widget.FrameLayout/android.widget.LinearLayout/android.widget.FrameLayout/android.widget.LinearLayout/android.widget.FrameLayout/android.widget.LinearLayout/android.widget.LinearLayout[2]/android.widget.ListView/android.widget.LinearLayout[1]/android.widget.TextView']","['xpath@//android.widget.ImageButton[@content-desc=""Navigate up""]']",[],[],"['id@com.thirdrock.fivemiles:id/btn_skip', 'id@com.thirdrock.fivemiles:id/main_tab_search']",5,1,0,0,2
<FiveMiles.RepresentativeTests: void testContact()>,[],[],[],[],[],[],0,0,0,0,0
<FiveMiles.RepresentativeTests: void testHelp()>,"[{""input"": null, ""id_or_xpath"": ""xpath@/hierarchy/android.widget.FrameLayout/android.widget.LinearLayout/android.widget.FrameLayout/android.widget.LinearLayout/android.widget.FrameLayout/android.widget.LinearLayout/android.widget.LinearLayout/android.widget.LinearLayout[2]/android.widget.Button[2]"", ""action"": ""click"", ""case"": ""correct""}, {""input"": ""***REMOVED***"", ""id_or_xpath"": ""xpath@/hierarchy/android.widget.FrameLayout/android.widget.LinearLayout/android.widget.FrameLayout/android.widget.LinearLayout/android.widget.FrameLayout/android.widget.ScrollView/android.widget.LinearLayout/TextInputLayout[1]/android.widget.FrameLayout/android.widget.EditText"", ""action"": ""sendKeys"", ""case"": ""correct""}, {""input"": ""researchiscool"", ""id_or_xpath"": ""xpath@/hierarchy/android.widget.FrameLayout/android.widget.LinearLayout/android.widget.FrameLayout/android.widget.LinearLayout/android.widget.FrameLayout/android.widget.ScrollView/android.widget.LinearLayout/TextInputLayout[2]/android.widget.FrameLayout/android.widget.EditText"", ""action"": ""sendKeys"", ""case"": ""correct""}, {""input"": null, ""id_or_xpath"": ""id@com.thirdrock.fivemiles:id/login_login"", ""action"": ""click"", ""case"": ""correct""}, {""input"": null, ""id_or_xpath"": ""id@com.thirdrock.fivemiles:id/btn_skip"", ""action"": ""click"", ""case"": ""notFound""}, {""input"": null, ""id_or_xpath"": ""xpath@//android.widget.ImageButton[@content-desc=\""Navigate up\""]"", ""action"": ""click"", ""case"": ""incorrect""}, {""input"": null, ""id_or_xpath"": ""id@com.thirdrock.fivemiles:id/main_tab_profile"", ""action"": ""click"", ""case"": ""correct""}, {""input"": null, ""id_or_xpath"": ""id@com.thirdrock.fivemiles:id/profile_help"", ""action"": ""click"", ""case"": ""notFound""}]","['xpath@/hierarchy/android.widget.FrameLayout/android.widget.LinearLayout/android.widget.FrameLayout/android.widget.LinearLayout/android.widget.FrameLayout/android.widget.LinearLayout/android.widget.LinearLayout/android.widget.LinearLayout[2]/android.widget.Button[2]', 'xpath@/hierarchy/android.widget.FrameLayout/android.widget.LinearLayout/android.widget.FrameLayout/android.widget.LinearLayout/android.widget.FrameLayout/android.widget.ScrollView/android.widget.LinearLayout/TextInputLayout[1]/android.widget.FrameLayout/android.widget.EditText', 'xpath@/hierarchy/android.widget.FrameLayout/android.widget.LinearLayout/android.widget.FrameLayout/android.widget.LinearLayout/android.widget.FrameLayout/android.widget.ScrollView/android.widget.LinearLayout/TextInputLayout[2]/android.widget.FrameLayout/android.widget.EditText', 'id@com.thirdrock.fivemiles:id/login_login', 'id@com.thirdrock.fivemiles:id/main_tab_profile']","['xpath@//android.widget.ImageButton[@content-desc=""Navigate up""]']",[],[],"['id@com.thirdrock.fivemiles:id/btn_skip', 'id@com.thirdrock.fivemiles:id/profile_help']",5,1,0,0,2
<FiveMiles.RepresentativeTests: void testMenu()>,"[{""input"": null, ""id_or_xpath"": ""xpath@/hierarchy/android.widget.FrameLayout/android.widget.LinearLayout/android.widget.FrameLayout/android.widget.LinearLayout/android.widget.FrameLayout/android.widget.LinearLayout/android.widget.LinearLayout/android.widget.LinearLayout[2]/android.widget.Button[2]"", ""action"": ""click"", ""case"": ""correct""}, {""input"": ""***REMOVED***"", ""id_or_xpath"": ""xpath@/hierarchy/android.widget.FrameLayout/android.widget.LinearLayout/android.widget.FrameLayout/android.widget.LinearLayout/android.widget.FrameLayout/android.widget.ScrollView/android.widget.LinearLayout/TextInputLayout[1]/android.widget.FrameLayout/android.widget.EditText"", ""action"": ""sendKeys"", ""case"": ""correct""}, {""input"": ""researchiscool"", ""id_or_xpath"": ""xpath@/hierarchy/android.widget.FrameLayout/android.widget.LinearLayout/android.widget.FrameLayout/android.widget.LinearLayout/android.widget.FrameLayout/android.widget.ScrollView/android.widget.LinearLayout/TextInputLayout[2]/android.widget.FrameLayout/android.widget.EditText"", ""action"": ""sendKeys"", ""case"": ""correct""}, {""input"": null, ""id_or_xpath"": ""id@com.thirdrock.fivemiles:id/login_login"", ""action"": ""click"", ""case"": ""correct""}, {""input"": null, ""id_or_xpath"": ""id@com.thirdrock.fivemiles:id/btn_skip"", ""action"": ""click"", ""case"": ""notFound""}, {""input"": null, ""id_or_xpath"": ""xpath@//android.widget.ImageButton[@content-desc=\""Navigate up\""]"", ""action"": ""click"", ""case"": ""incorrect""}, {""input"": null, ""id_or_xpath"": ""id@com.thirdrock.fivemiles:id/main_tab_profile"", ""action"": ""click"", ""case"": ""correct""}]","['xpath@/hierarchy/android.widget.FrameLayout/android.widget.LinearLayout/android.widget.FrameLayout/android.widget.LinearLayout/android.widget.FrameLayout/android.widget.LinearLayout/android.widget.LinearLayout/android.widget.LinearLayout[2]/android.widget.Button[2]', 'xpath@/hierarchy/android.widget.FrameLayout/android.widget.LinearLayout/android.widget.FrameLayout/android.widget.LinearLayout/android.widget.FrameLayout/android.widget.ScrollView/android.widget.LinearLayout/TextInputLayout[1]/android.widget.FrameLayout/android.widget.EditText', 'xpath@/hierarchy/android.widget.FrameLayout/android.widget.LinearLayout/android.widget.FrameLayout/android.widget.LinearLayout/android.widget.FrameLayout/android.widget.ScrollView/android.widget.LinearLayout/TextInputLayout[2]/android.widget.FrameLayout/android.widget.EditText', 'id@com.thirdrock.fivemiles:id/login_login', 'id@com.thirdrock.fivemiles:id/main_tab_profile']","['xpath@//android.widget.ImageButton[@content-desc=""Navigate up""]']",[],[],['id@com.thirdrock.fivemiles:id/btn_skip'],5,1,0,0,1
<FiveMiles.RepresentativeTests: void testSearch()>,"[{""input"": null, ""id_or_xpath"": ""xpath@/hierarchy/android.widget.FrameLayout/android.widget.LinearLayout/android.widget.FrameLayout/android.widget.LinearLayout/android.widget.FrameLayout/android.widget.LinearLayout/android.widget.LinearLayout/android.widget.LinearLayout[2]/android.widget.Button[2]"", ""action"": ""click"", ""case"": ""correct""}, {""input"": ""***REMOVED***"", ""id_or_xpath"": ""xpath@/hierarchy/android.widget.FrameLayout/android.widget.LinearLayout/android.widget.FrameLayout/android.widget.LinearLayout/android.widget.FrameLayout/android.widget.ScrollView/android.widget.LinearLayout/TextInputLayout[1]/android.widget.FrameLayout/android.widget.EditText"", ""action"": ""sendKeys"", ""case"": ""correct""}, {""input"": ""researchiscool"", ""id_or_xpath"": ""xpath@/hierarchy/android.widget.FrameLayout/android.widget.LinearLayout/android.widget.FrameLayout/android.widget.LinearLayout/android.widget.FrameLayout/android.widget.ScrollView/android.widget.LinearLayout/TextInputLayout[2]/android.widget.FrameLayout/android.widget.EditText"", ""action"": ""sendKeys"", ""case"": ""correct""}, {""input"": null, ""id_or_xpath"": ""id@com.thirdrock.fivemiles:id/login_login"", ""action"": ""click"", ""case"": ""correct""}, {""input"": null, ""id_or_xpath"": ""id@com.thirdrock.fivemiles:id/btn_skip"", ""action"": ""click"", ""case"": ""notFound""}, {""input"": null, ""id_or_xpath"": ""xpath@//android.widget.ImageButton[@content-desc=\""Navigate up\""]"", ""action"": ""click"", ""case"": ""incorrect""}, {""input"": null, ""id_or_xpath"": ""id@com.thirdrock.fivemiles:id/lbl_search"", ""action"": ""click"", ""case"": ""correct""}, {""input"": ""aan"", ""id_or_xpath"": ""id@com.thirdrock.fivemiles:id/edt_keyword_search"", ""action"": ""sendKeys"", ""case"": ""correct""}]","['xpath@/hierarchy/android.widget.FrameLayout/android.widget.LinearLayout/android.widget.FrameLayout/android.widget.LinearLayout/android.widget.FrameLayout/android.widget.LinearLayout/android.widget.LinearLayout/android.widget.LinearLayout[2]/android.widget.Button[2]', 'xpath@/hierarchy/android.widget.FrameLayout/android.widget.LinearLayout/android.widget.FrameLayout/android.widget.LinearLayout/android.widget.FrameLayout/android.widget.ScrollView/android.widget.LinearLayout/TextInputLayout[1]/android.widget.FrameLayout/android.widget.EditText', 'xpath@/hierarchy/android.widget.FrameLayout/android.widget.LinearLayout/android.widget.FrameLayout/android.widget.LinearLayout/android.widget.FrameLayout/android.widget.ScrollView/android.widget.LinearLayout/TextInputLayout[2]/android.widget.FrameLayout/android.widget.EditText', 'id@com.thirdrock.fivemiles:id/login_login', 'id@com.thirdrock.fivemiles:id/lbl_search', 'id@com.thirdrock.fivemiles:id/edt_keyword_search']","['xpath@//android.widget.ImageButton[@content-desc=""Navigate up""]']",[],[],['id@com.thirdrock.fivemiles:id/btn_skip'],6,1,0,0,1
<FiveMiles.RepresentativeTests: void testFilter()>,"[{""input"": null, ""id_or_xpath"": ""xpath@/hierarchy/android.widget.FrameLayout/android.widget.LinearLayout/android.widget.FrameLayout/android.widget.LinearLayout/android.widget.FrameLayout/android.widget.LinearLayout/android.widget.LinearLayout/android.widget.LinearLayout[2]/android.widget.Button[2]"", ""action"": ""click"", ""case"": ""correct""}, {""input"": ""***REMOVED***"", ""id_or_xpath"": ""xpath@/hierarchy/android.widget.FrameLayout/android.widget.LinearLayout/android.widget.FrameLayout/android.widget.LinearLayout/android.widget.FrameLayout/android.widget.ScrollView/android.widget.LinearLayout/TextInputLayout[1]/android.widget.FrameLayout/android.widget.EditText"", ""action"": ""sendKeys"", ""case"": ""correct""}, {""input"": ""researchiscool"", ""id_or_xpath"": ""xpath@/hierarchy/android.widget.FrameLayout/android.widget.LinearLayout/android.widget.FrameLayout/android.widget.LinearLayout/android.widget.FrameLayout/android.widget.ScrollView/android.widget.LinearLayout/TextInputLayout[2]/android.widget.FrameLayout/android.widget.EditText"", ""action"": ""sendKeys"", ""case"": ""correct""}, {""input"": null, ""id_or_xpath"": ""id@com.thirdrock.fivemiles:id/login_login"", ""action"": ""click"", ""case"": ""correct""}, {""input"": null, ""id_or_xpath"": ""id@com.thirdrock.fivemiles:id/btn_skip"", ""action"": ""click"", ""case"": ""notFound""}, {""input"": null, ""id_or_xpath"": ""xpath@//android.widget.ImageButton[@content-desc=\""Navigate up\""]"", ""action"": ""click"", ""case"": ""incorrect""}, {""input"": null, ""id_or_xpath"": ""id@com.thirdrock.fivemiles:id/lbl_search"", ""action"": ""click"", ""case"": ""correct""}, {""input"": ""aan"", ""id_or_xpath"": ""id@com.thirdrock.fivemiles:id/edt_keyword_search"", ""action"": ""sendKeys"", ""case"": ""correct""}, {""input"": null, ""id_or_xpath"": ""id@com.thirdrock.fivemiles:id/ic_filter"", ""action"": ""click"", ""case"": ""notFound""}, {""input"": null, ""id_or_xpath"": ""id@com.thirdrock.fivemiles:id/cbx_sort_price_asc"", ""action"": ""click"", ""case"": ""missed""}, {""input"": null, ""id_or_xpath"": ""id@com.thirdrock.fivemiles:id/btn_save_filter"", ""action"": ""click"", ""case"": ""correct""}]","['xpath@/hierarchy/android.widget.FrameLayout/android.widget.LinearLayout/android.widget.FrameLayout/android.widget.LinearLayout/android.widget.FrameLayout/android.widget.LinearLayout/android.widget.LinearLayout/android.widget.LinearLayout[2]/android.widget.Button[2]', 'xpath@/hierarchy/android.widget.FrameLayout/android.widget.LinearLayout/android.widget.FrameLayout/android.widget.LinearLayout/android.widget.FrameLayout/android.widget.ScrollView/android.widget.LinearLayout/TextInputLayout[1]/android.widget.FrameLayout/android.widget.EditText', 'xpath@/hierarchy/android.widget.FrameLayout/android.widget.LinearLayout/android.widget.FrameLayout/android.widget.LinearLayout/android.widget.FrameLayout/android.widget.ScrollView/android.widget.LinearLayout/TextInputLayout[2]/android.widget.FrameLayout/android.widget.EditText', 'id@com.thirdrock.fivemiles:id/login_login', 'id@com.thirdrock.fivemiles:id/lbl_search', 'id@com.thirdrock.fivemiles:id/edt_keyword_search', 'id@com.thirdrock.fivemiles:id/btn_save_filter']","['xpath@//android.widget.ImageButton[@content-desc=""Navigate up""]']",['id@com.thirdrock.fivemiles:id/cbx_sort_price_asc'],[],"['id@com.thirdrock.fivemiles:id/btn_skip', 'id@com.thirdrock.fivemiles:id/ic_filter']",7,1,1,0,2
<FiveMiles.RepresentativeTests: void testDetail()>,"[{""input"": null, ""id_or_xpath"": ""xpath@/hierarchy/android.widget.FrameLayout/android.widget.LinearLayout/android.widget.FrameLayout/android.widget.LinearLayout/android.widget.FrameLayout/android.widget.LinearLayout/android.widget.LinearLayout/android.widget.LinearLayout[2]/android.widget.Button[2]"", ""action"": ""click"", ""case"": ""correct""}, {""input"": ""***REMOVED***"", ""id_or_xpath"": ""xpath@/hierarchy/android.widget.FrameLayout/android.widget.LinearLayout/android.widget.FrameLayout/android.widget.LinearLayout/android.widget.FrameLayout/android.widget.ScrollView/android.widget.LinearLayout/TextInputLayout[1]/android.widget.FrameLayout/android.widget.EditText"", ""action"": ""sendKeys"", ""case"": ""correct""}, {""input"": ""researchiscool"", ""id_or_xpath"": ""xpath@/hierarchy/android.widget.FrameLayout/android.widget.LinearLayout/android.widget.FrameLayout/android.widget.LinearLayout/android.widget.FrameLayout/android.widget.ScrollView/android.widget.LinearLayout/TextInputLayout[2]/android.widget.FrameLayout/android.widget.EditText"", ""action"": ""sendKeys"", ""case"": ""correct""}, {""input"": null, ""id_or_xpath"": ""id@com.thirdrock.fivemiles:id/login_login"", ""action"": ""click"", ""case"": ""correct""}, {""input"": null, ""id_or_xpath"": ""id@com.thirdrock.fivemiles:id/btn_skip"", ""action"": ""click"", ""case"": ""notFound""}, {""input"": null, ""id_or_xpath"": ""xpath@//android.widget.ImageButton[@content-desc=\""Navigate up\""]"", ""action"": ""click"", ""case"": ""incorrect""}, {""input"": null, ""id_or_xpath"": ""id@com.thirdrock.fivemiles:id/lbl_search"", ""action"": ""click"", ""case"": ""correct""}, {""input"": ""aan"", ""id_or_xpath"": ""id@com.thirdrock.fivemiles:id/edt_keyword_search"", ""action"": ""sendKeys"", ""case"": ""correct""}, {""input"": null, ""id_or_xpath"": ""id@com.thirdrock.fivemiles:id/home_location_item_image"", ""action"": ""click"", ""case"": ""correct""}]","['xpath@/hierarchy/android.widget.FrameLayout/android.widget.LinearLayout/android.widget.FrameLayout/android.widget.LinearLayout/android.widget.FrameLayout/android.widget.LinearLayout/android.widget.LinearLayout/android.widget.LinearLayout[2]/android.widget.Button[2]', 'xpath@/hierarchy/android.widget.FrameLayout/android.widget.LinearLayout/android.widget.FrameLayout/android.widget.LinearLayout/android.widget.FrameLayout/android.widget.ScrollView/android.widget.LinearLayout/TextInputLayout[1]/android.widget.FrameLayout/android.widget.EditText', 'xpath@/hierarchy/android.widget.FrameLayout/android.widget.LinearLayout/android.widget.FrameLayout/android.widget.LinearLayout/android.widget.FrameLayout/android.widget.ScrollView/android.widget.LinearLayout/TextInputLayout[2]/android.widget.FrameLayout/android.widget.EditText', 'id@com.thirdrock.fivemiles:id/login_login', 'id@com.thirdrock.fivemiles:id/lbl_search', 'id@com.thirdrock.fivemiles:id/edt_keyword_search', 'id@com.thirdrock.fivemiles:id/home_location_item_image']","['xpath@//android.widget.ImageButton[@content-desc=""Navigate up""]']",[],[],['id@com.thirdrock.fivemiles:id/btn_skip'],7,1,0,0,1
<FiveMiles.RepresentativeTests: void testAddCart()>,"[{""input"": null, ""id_or_xpath"": ""xpath@/hierarchy/android.widget.FrameLayout/android.widget.LinearLayout/android.widget.FrameLayout/android.widget.LinearLayout/android.widget.FrameLayout/android.widget.LinearLayout/android.widget.LinearLayout/android.widget.LinearLayout[2]/android.widget.Button[2]"", ""action"": ""click"", ""case"": ""correct""}, {""input"": ""***REMOVED***"", ""id_or_xpath"": ""xpath@/hierarchy/android.widget.FrameLayout/android.widget.LinearLayout/android.widget.FrameLayout/android.widget.LinearLayout/android.widget.FrameLayout/android.widget.ScrollView/android.widget.LinearLayout/TextInputLayout[1]/android.widget.FrameLayout/android.widget.EditText"", ""action"": ""sendKeys"", ""case"": ""correct""}, {""input"": ""researchiscool"", ""id_or_xpath"": ""xpath@/hierarchy/android.widget.FrameLayout/android.widget.LinearLayout/android.widget.FrameLayout/android.widget.LinearLayout/android.widget.FrameLayout/android.widget.ScrollView/android.widget.LinearLayout/TextInputLayout[2]/android.widget.FrameLayout/android.widget.EditText"", ""action"": ""sendKeys"", ""case"": ""correct""}, {""input"": null, ""id_or_xpath"": ""id@com.thirdrock.fivemiles:id/login_login"", ""action"": ""click"", ""case"": ""correct""}, {""input"": null, ""id_or_xpath"": ""id@com.thirdrock.fivemiles:id/btn_skip"", ""action"": ""click"", ""case"": ""notFound""}, {""input"": null, ""id_or_xpath"": ""xpath@//android.widget.ImageButton[@content-desc=\""Navigate up\""]"", ""action"": ""click"", ""case"": ""incorrect""}, {""input"": null, ""id_or_xpath"": ""id@com.thirdrock.fivemiles:id/lbl_search"", ""action"": ""click"", ""case"": ""correct""}, {""input"": ""aan"", ""id_or_xpath"": ""id@com.thirdrock.fivemiles:id/edt_keyword_search"", ""action"": ""sendKeys"", ""case"": ""correct""}, {""input"": null, ""id_or_xpath"": ""id@com.thirdrock.fivemiles:id/home_location_item_image"", ""action"": ""click"", ""case"": ""correct""}, {""input"": null, ""id_or_xpath"": ""id@com.thirdrock.fivemiles:id/btn_make_offer"", ""action"": ""click"", ""case"": ""notFound""}]","['xpath@/hierarchy/android.widget.FrameLayout/android.widget.LinearLayout/android.widget.FrameLayout/android.widget.LinearLayout/android.widget.FrameLayout/android.widget.LinearLayout/android.widget.LinearLayout/android.widget.LinearLayout[2]/android.widget.Button[2]', 'xpath@/hierarchy/android.widget.FrameLayout/android.widget.LinearLayout/android.widget.FrameLayout/android.widget.LinearLayout/android.widget.FrameLayout/android.widget.ScrollView/android.widget.LinearLayout/TextInputLayout[1]/android.widget.FrameLayout/android.widget.EditText', 'xpath@/hierarchy/android.widget.FrameLayout/android.widget.LinearLayout/android.widget.FrameLayout/android.widget.LinearLayout/android.widget.FrameLayout/android.widget.ScrollView/android.widget.LinearLayout/TextInputLayout[2]/android.widget.FrameLayout/android.widget.EditText', 'id@com.thirdrock.fivemiles:id/login_login', 'id@com.thirdrock.fivemiles:id/lbl_search', 'id@com.thirdrock.fivemiles:id/edt_keyword_search', 'id@com.thirdrock.fivemiles:id/home_location_item_image']","['xpath@//android.widget.ImageButton[@content-desc=""Navigate up""]']",[],[],"['id@com.thirdrock.fivemiles:id/btn_skip', 'id@com.thirdrock.fivemiles:id/btn_make_offer']",7,1,0,0,2
<FiveMiles.RepresentativeTests: void testCart()>,[],[],[],[],[],[],0,0,0,0,0
<FiveMiles.RepresentativeTests: void testTerms()>,"[{""input"": null, ""id_or_xpath"": ""xpath@/hierarchy/android.widget.FrameLayout/android.widget.LinearLayout/android.widget.FrameLayout/android.widget.LinearLayout/android.widget.FrameLayout/android.widget.LinearLayout/android.widget.LinearLayout/android.widget.LinearLayout[2]/android.widget.Button[2]"", ""action"": ""click"", ""case"": ""correct""}, {""input"": ""***REMOVED***"", ""id_or_xpath"": ""xpath@/hierarchy/android.widget.FrameLayout/android.widget.LinearLayout/android.widget.FrameLayout/android.widget.LinearLayout/android.widget.FrameLayout/android.widget.ScrollView/android.widget.LinearLayout/TextInputLayout[1]/android.widget.FrameLayout/android.widget.EditText"", ""action"": ""sendKeys"", ""case"": ""correct""}, {""input"": ""researchiscool"", ""id_or_xpath"": ""xpath@/hierarchy/android.widget.FrameLayout/android.widget.LinearLayout/android.widget.FrameLayout/android.widget.LinearLayout/android.widget.FrameLayout/android.widget.ScrollView/android.widget.LinearLayout/TextInputLayout[2]/android.widget.FrameLayout/android.widget.EditText"", ""action"": ""sendKeys"", ""case"": ""correct""}, {""input"": null, ""id_or_xpath"": ""id@com.thirdrock.fivemiles:id/login_login"", ""action"": ""click"", ""case"": ""correct""}, {""input"": null, ""id_or_xpath"": ""id@com.thirdrock.fivemiles:id/btn_skip"", ""action"": ""click"", ""case"": ""notFound""}, {""input"": null, ""id_or_xpath"": ""xpath@//android.widget.ImageButton[@content-desc=\""Navigate up\""]"", ""action"": ""click"", ""case"": ""incorrect""}, {""input"": null, ""id_or_xpath"": ""id@com.thirdrock.fivemiles:id/main_tab_profile"", ""action"": ""click"", ""case"": ""correct""}, {""input"": null, ""id_or_xpath"": ""id@com.thirdrock.fivemiles:id/profile_setting"", ""action"": ""click"", ""case"": ""notFound""}, {""input"": null, ""id_or_xpath"": ""xpath@/hierarchy/android.widget.FrameLayout/android.widget.LinearLayout/android.widget.FrameLayout/android.widget.LinearLayout/android.widget.FrameLayout/android.widget.LinearLayout/android.widget.ScrollView/android.widget.LinearLayout/android.widget.LinearLayout[2]/android.widget.LinearLayout[4]"", ""action"": ""click"", ""case"": ""notFound""}]","['xpath@/hierarchy/android.widget.FrameLayout/android.widget.LinearLayout/android.widget.FrameLayout/android.widget.LinearLayout/android.widget.FrameLayout/android.widget.LinearLayout/android.widget.LinearLayout/android.widget.LinearLayout[2]/android.widget.Button[2]', 'xpath@/hierarchy/android.widget.FrameLayout/android.widget.LinearLayout/android.widget.FrameLayout/android.widget.LinearLayout/android.widget.FrameLayout/android.widget.ScrollView/android.widget.LinearLayout/TextInputLayout[1]/android.widget.FrameLayout/android.widget.EditText', 'xpath@/hierarchy/android.widget.FrameLayout/android.widget.LinearLayout/android.widget.FrameLayout/android.widget.LinearLayout/android.widget.FrameLayout/android.widget.ScrollView/android.widget.LinearLayout/TextInputLayout[2]/android.widget.FrameLayout/android.widget.EditText', 'id@com.thirdrock.fivemiles:id/login_login', 'id@com.thirdrock.fivemiles:id/main_tab_profile']","['xpath@//android.widget.ImageButton[@content-desc=""Navigate up""]']",[],[],"['id@com.thirdrock.fivemiles:id/btn_skip', 'id@com.thirdrock.fivemiles:id/profile_setting', 'xpath@/hierarchy/android.widget.FrameLayout/android.widget.LinearLayout/android.widget.FrameLayout/android.widget.LinearLayout/android.widget.FrameLayout/android.widget.LinearLayout/android.widget.ScrollView/android.widget.LinearLayout/android.widget.LinearLayout[2]/android.widget.LinearLayout[4]']",5,1,0,0,3
